{"cameraMode":{"drawMode":0,"name":"Shaded","section":"Shading Mode"},"sceneLighting":true,"audioPlay":false,"sceneViewState":{"showFog":true,"showMaterialUpdate":false,"showSkybox":true,"showFlares":true,"showImageEffects":true,"showParticleSystems":true},"in2DMode":false,"pivot":{"x":4.457637786865234,"y":41.67197036743164,"z":4.597320556640625},"rotation":{"x":0.07718589156866074,"y":0.3958473801612854,"z":-0.03371717408299446,"w":0.9146625399589539},"size":80.61346435546875,"orthographic":false}