{"cameraMode":{"drawMode":0,"name":"Shaded","section":"Shading Mode"},"sceneLighting":true,"audioPlay":false,"sceneViewState":{"showFog":true,"showMaterialUpdate":false,"showSkybox":true,"showFlares":true,"showImageEffects":true,"showParticleSystems":true},"in2DMode":false,"pivot":{"x":87.85343933105469,"y":91.01068115234375,"z":20.97414207458496},"rotation":{"x":-0.2335299700498581,"y":0.48295825719833376,"z":-0.13539639115333558,"w":-0.8330925703048706},"size":169.4335174560547,"orthographic":false}