{"cameraMode":{"drawMode":0,"name":"Shaded","section":"Shading Mode"},"sceneLighting":true,"audioPlay":false,"sceneViewState":{"showFog":true,"showMaterialUpdate":false,"showSkybox":true,"showFlares":true,"showImageEffects":true,"showParticleSystems":true},"in2DMode":false,"pivot":{"x":-25.99554443359375,"y":-9.289514541625977,"z":-12.131998062133789},"rotation":{"x":-0.0597495399415493,"y":-0.9334478974342346,"z":0.30140000581741335,"w":-0.1852468103170395},"size":79.54246520996094,"orthographic":false}