{"cameraMode":{"drawMode":0,"name":"Shaded","section":"Shading Mode"},"sceneLighting":true,"audioPlay":false,"sceneViewState":{"showFog":true,"showMaterialUpdate":false,"showSkybox":true,"showFlares":true,"showImageEffects":true,"showParticleSystems":true},"in2DMode":false,"pivot":{"x":10.815910339355469,"y":77.89324188232422,"z":-10.185813903808594},"rotation":{"x":-0.12893642485141755,"y":0.02657000720500946,"z":-0.0036819949746131899,"w":-0.9915623068809509},"size":99.69917297363281,"orthographic":false}