{"cameraMode":{"drawMode":0,"name":"Shaded","section":"Shading Mode"},"sceneLighting":true,"audioPlay":false,"sceneViewState":{"showFog":true,"showMaterialUpdate":false,"showSkybox":true,"showFlares":true,"showImageEffects":true,"showParticleSystems":true},"in2DMode":false,"pivot":{"x":-7.436210632324219,"y":114.96864318847656,"z":357.10418701171877},"rotation":{"x":-0.4195416569709778,"y":-0.2745306193828583,"z":0.13475342094898225,"w":-0.8547050952911377},"size":195.00523376464845,"orthographic":false}